자치구,행정동,유해업소수,대형쇼핑몰수,도서관수,미술관 박물관 극장수,"의료시설수(병원,의원,보건소,보건지소)",공원 수,경로당 수,보육시설정원,보육시설현원,보육시설포화도,횡단보도수,육교수,CCTV수,월평균소득금액,평균면적(m^2),면적당 가격(만원/m^2),"주유소,가스충전소 수",0~9세,2030_상주인구수,23년 출생인구,공립,사립,공립+사립
종로구,사직동,23,1,2,5,2,6,1,954,542,0.57,90,0,139,5039456,135,1231,1,462,2476,25,0,2,2
종로구,부암동,2,0,0,6,0,0,1,150,116,0.77,20,17,144,3661725,74,628,3,381,2586,20,0,2,2
종로구,평창동,6,0,0,6,1,3,6,175,160,0.91,22,6,120,4544046,120,780,3,996,4740,66,0,1,1
용산구,한남동,21,0,0,2,1,1,10,364,266,0.73,73,24,119,4397761,129,1995,5,1027,6364,114,1,0,1
성동구,왕십리2동,42,0,0,0,0,2,18,376,336,0.89,10,5,222,3487691,61,1273,0,1053,5333,104,1,1,2
성동구,마장동,5,1,0,1,0,4,15,597,445,0.75,55,9,402,3050686,68,1225,1,967,7481,74,2,2,4
중구,중림동,20,1,2,1,0,1,4,338,290,0.86,43,7,140,4451102,85,1562,1,934,3150,89,0,1,1
성동구,옥수동,0,2,1,0,0,0,18,761,571,0.75,12,0,178,4857859,98,1741,1,2291,7752,243,1,3,4
중구,장충동,12,0,1,2,0,0,2,97,69,0.71,25,6,143,2923569,157,980,2,134,1876,13,1,0,1
중구,광희동,82,13,0,0,2,3,3,183,109,0.6,89,4,192,3276838,52,1070,3,124,1480,18,0,0,0
성동구,사근동,0,1,0,2,1,2,6,189,111,0.59,33,3,315,3138503,67,1147,1,325,5800,27,1,1,2
용산구,후암동,1,0,2,0,0,1,4,480,295,0.61,51,4,80,3035337,96,1075,0,692,5292,47,0,1,1
용산구,용산2가동,6,0,0,0,0,0,4,141,86,0.61,22,9,76,2552190,71,850,0,255,3212,29,0,0,0
용산구,남영동,20,0,0,1,0,2,4,131,94,0.72,43,2,46,3203052,117,1232,1,126,1883,16,0,0,0
용산구,원효로2동,12,0,0,0,0,2,6,291,215,0.74,37,7,52,3838877,107,1467,4,730,3891,55,0,2,2
용산구,효창동,1,0,0,2,0,2,4,375,311,0.83,14,0,54,3540899,78,1417,0,751,3043,68,0,0,0
용산구,용문동,5,0,0,0,0,1,6,318,271,0.85,25,0,46,3584571,66,1194,0,623,3690,75,0,1,1
용산구,이태원1동,25,1,0,0,1,1,6,230,165,0.72,22,2,59,3691173,172,1510,0,205,2070,22,0,0,0
성동구,금호1가동,0,2,1,0,0,1,6,576,463,0.8,35,0,118,3953888,82,1495,0,1071,4374,82,0,1,1
성동구,금호4가동,2,1,0,0,0,2,12,346,266,0.77,23,0,198,4438328,79,1817,1,1185,4132,101,1,1,2
성동구,성수1가1동,8,0,1,2,0,0,12,328,222,0.68,50,2,240,3895002,102,2696,3,816,5283,85,2,1,3
성동구,성수2가1동,16,2,0,0,5,2,8,209,167,0.8,38,4,278,2926007,82,2222,2,581,5001,56,1,0,1
성동구,송정동,15,0,0,0,1,1,5,278,156,0.56,13,0,305,2583422,80,1068,3,371,3293,34,1,0,1
성동구,용답동,24,2,1,0,2,1,4,504,295,0.59,30,10,271,2489153,73,992,4,281,3922,26,1,0,1
성북구,정릉4동,1,0,1,0,0,1,14,666,497,0.75,53,1,190,3060802,73,761,0,1192,6634,97,0,2,2
성북구,길음1동,4,3,1,0,2,4,19,706,602,0.85,59,1,108,4482440,74,1173,1,2921,8250,148,3,4,7
성북구,성북동,4,0,0,6,0,2,5,191,145,0.76,25,0,281,3501359,58,863,0,611,4921,67,1,2,3
성북구,삼선동,20,1,0,0,0,1,9,281,221,0.79,34,21,229,3079254,71,1019,1,806,8172,60,1,0,1
성북구,동선동,19,4,1,1,2,0,4,200,158,0.79,23,8,189,2852581,74,894,1,401,6734,34,2,1,3
동대문구,휘경1동,3,0,0,0,0,1,8,279,201,0.72,37,7,128,2747514,68,1103,6,662,4873,69,1,1,2
동대문구,이문1동,3,1,0,0,0,0,9,341,209,0.61,36,3,196,2980528,65,1095,2,569,7154,37,0,2,2
동대문구,이문2동,2,0,0,0,0,0,11,549,461,0.84,25,0,145,3163719,65,915,2,1001,5404,58,0,1,1
동대문구,답십리1동,10,1,1,0,1,4,11,777,616,0.79,74,0,195,3537585,56,1141,1,2285,8576,166,1,0,1
중랑구,상봉1동,16,1,0,0,1,1,10,479,387,0.81,23,2,208,2998857,76,856,0,1483,7304,154,0,2,2
중랑구,중화1동,0,0,0,0,1,2,6,467,364,0.78,16,1,155,2540502,74,772,2,907,6106,93,1,4,5
중랑구,신내1동,4,2,0,0,1,6,20,1544,1031,0.67,111,7,175,2798343,74,783,3,2268,10297,168,1,1,2
성북구,월곡2동,1,1,2,1,1,2,10,476,381,0.8,35,12,192,3161249,91,921,2,796,6088,53,0,2,2
광진구,자양3동,5,5,0,0,0,2,18,627,536,0.85,25,2,217,4391943,86,1562,1,1958,8290,141,1,3,4
광진구,구의2동,2,0,0,0,1,2,3,577,411,0.71,50,0,317,2928061,74,1027,0,1308,7401,102,0,3,3
강북구,수유1동,37,3,1,0,0,3,6,672,518,0.77,35,10,143,2229607,47,619,4,709,5817,55,1,1,2
강북구,삼양동,14,3,1,0,0,2,14,638,380,0.6,40,8,199,2482010,71,938,2,983,6415,79,1,2,3
강북구,송천동,12,1,1,0,4,2,10,369,256,0.69,47,0,144,2456559,70,951,2,739,7161,50,1,0,1
강북구,삼각산동,5,1,1,0,0,2,9,913,771,0.84,20,0,46,3761878,76,1041,0,2260,7491,130,0,1,1
강북구,우이동,21,0,0,0,0,2,5,540,463,0.86,40,0,159,2472202,74,537,1,840,5251,77,0,2,2
노원구,월계2동,0,0,1,1,0,8,12,502,379,0.75,29,0,151,2744711,69,880,1,1363,6399,106,1,5,6
성북구,정릉1동,6,0,0,0,4,1,11,483,417,0.86,39,3,133,3356520,75,983,0,1217,4919,99,0,2,2
종로구,무악동,0,0,0,0,1,1,3,240,152,0.63,4,2,33,5134832,82,1590,0,546,1858,31,0,1,1
종로구,종로5·6가동,113,2,0,0,0,3,6,184,86,0.47,82,6,116,2534670,23,1106,0,156,1651,8,0,1,1
종로구,이화동,1,0,0,3,3,1,4,148,85,0.57,19,0,101,3052155,49,803,1,171,2941,9,0,0,0
종로구,창신1동,23,2,0,0,0,0,3,131,73,0.56,25,4,57,2402760,58,1399,0,107,1185,12,1,0,1
종로구,창신2동,9,0,0,0,0,1,4,188,115,0.61,4,0,87,2123343,56,823,0,157,2197,10,0,0,0
중구,을지로동,92,1,0,1,1,1,1,119,63,0.53,84,7,125,3041933,69,1166,1,138,459,12,0,1,1
은평구,수색동,8,0,0,0,0,0,10,170,149,0.88,40,0,109,3258020,84,1168,5,1747,2732,121,1,1,2
은평구,진관동,0,3,3,2,1,10,28,1542,1091,0.71,224,0,424,4100987,93,1044,5,3327,13584,147,5,4,9
은평구,불광2동,2,1,0,0,0,5,8,384,256,0.67,31,0,320,2410974,61,908,2,784,8673,76,3,0,3
은평구,응암3동,43,0,1,0,3,3,3,339,283,0.83,39,0,314,2377758,60,768,1,743,7270,66,1,3,4
서대문구,천연동,9,0,1,1,0,2,12,457,364,0.8,29,1,117,4221818,73,1310,0,1008,4714,73,1,0,1
노원구,하계2동,0,1,0,0,1,3,5,301,257,0.85,31,2,36,3643362,68,1088,4,1216,6052,79,0,2,2
서대문구,홍은2동,16,1,0,0,1,4,4,291,157,0.54,44,0,337,2891575,99,618,1,1474,7762,101,0,1,1
서대문구,남가좌1동,8,0,0,0,1,3,7,499,465,0.93,25,0,58,4509826,73,1330,0,1952,4072,96,1,0,1
마포구,염리동,1,0,1,0,0,2,9,385,282,0.73,9,2,132,3981720,73,1642,0,1267,3654,94,1,1,2
마포구,연남동,5,0,0,0,7,2,5,160,111,0.69,38,0,136,2995039,70,927,2,457,5925,36,0,2,2
마포구,성산1동,2,0,1,1,2,4,5,213,178,0.84,40,0,143,2836873,81,772,3,709,6009,67,1,1,2
노원구,상계8동,0,0,0,0,0,5,4,673,518,0.77,17,0,52,3184253,54,1090,0,1901,7437,294,2,3,5
노원구,상계3·4동,3,0,0,0,0,5,11,698,417,0.6,30,0,211,2654371,73,845,1,1479,6342,77,1,3,4
양천구,신정3동,28,0,1,0,2,11,19,988,837,0.85,126,14,378,3179649,76,1020,4,3132,11857,233,4,3,7
강남구,논현2동,55,6,1,1,9,2,5,223,139,0.62,58,0,502,4003462,94,1693,2,860,7747,94,1,2,3
강서구,가양1동,44,5,0,1,8,6,25,1042,856,0.82,190,2,268,3613452,82,1113,12,1350,14945,146,0,3,3
강서구,발산1동,6,10,1,0,13,8,10,1041,712,0.68,174,7,148,3202207,81,906,3,2317,9433,118,1,3,4
강서구,공항동,9,1,0,0,1,6,8,975,835,0.86,72,0,186,2859584,75,1212,9,2816,8537,151,2,2,4
강서구,방화1동,4,6,0,0,3,12,24,1143,939,0.82,94,0,199,3366041,78,1094,1,3093,11444,194,3,2,5
강서구,방화2동,16,2,0,0,1,8,9,469,390,0.83,54,4,268,2726484,63,846,9,993,6780,105,1,3,4
강서구,방화3동,0,1,1,0,1,9,17,645,492,0.76,82,0,101,3076344,70,972,0,1035,6491,150,1,2,3
강남구,대치1동,2,8,0,0,2,4,15,361,243,0.67,46,3,174,7464364,111,2865,0,1530,4832,30,0,2,2
구로구,신도림동,5,6,1,0,0,3,21,956,790,0.83,72,15,218,4406430,80,1284,2,2984,10299,242,1,2,3
구로구,구로1동,3,0,0,0,0,0,16,649,541,0.83,14,20,103,3394043,72,938,0,1560,6394,170,1,2,3
구로구,구로3동,43,3,1,0,3,2,11,606,451,0.74,67,4,369,2910926,49,654,1,957,9230,102,2,1,3
구로구,구로4동,19,0,1,0,0,2,10,532,433,0.81,33,3,250,2644376,48,578,1,595,5896,83,0,2,2
구로구,고척1동,5,5,0,0,3,1,19,863,660,0.76,60,6,220,2982277,71,867,0,1675,6271,203,2,0,2
구로구,고척2동,2,2,1,0,2,6,10,826,625,0.76,37,8,354,2900148,74,790,1,1263,7162,93,1,0,1
금천구,시흥1동,61,6,1,0,24,5,9,780,584,0.75,87,8,381,2788702,62,861,3,1396,9598,122,0,2,2
서대문구,북가좌2동,8,0,0,0,0,5,5,419,338,0.81,34,0,331,2612322,86,774,2,1177,9236,92,0,2,2
서대문구,충현동,4,0,0,1,1,0,6,505,418,0.83,37,2,233,3226418,80,1156,1,1046,5838,63,0,0,0
서대문구,북아현동,5,1,0,0,1,5,7,517,448,0.87,20,1,126,4198339,81,1707,0,1290,4813,104,1,0,1
서대문구,신촌동,77,4,0,3,4,4,4,467,296,0.63,54,2,370,3357577,55,954,1,466,9757,58,0,3,3
금천구,시흥5동,0,2,0,0,14,3,6,1124,629,0.56,35,0,303,2387416,77,688,0,714,4815,57,1,1,2
양천구,목4동,0,2,1,0,0,4,7,359,292,0.81,32,0,255,3453966,82,1021,0,976,7338,63,0,1,1
영등포구,당산2동,7,5,1,0,0,2,17,859,636,0.74,32,6,88,4157253,71,1260,0,2376,14236,227,1,2,3
영등포구,양평1동,29,1,0,0,1,1,18,516,440,0.85,59,3,88,3521740,69,1190,2,1157,6443,165,1,2,3
영등포구,양평2동,24,0,1,0,2,1,14,602,489,0.81,63,16,124,3692092,69,1121,6,1474,8238,201,1,1,2
영등포구,신길1동,7,2,1,0,12,2,16,363,315,0.87,16,0,127,2802338,43,1109,1,733,5924,89,0,0,0
영등포구,신길6동,8,0,0,0,1,0,9,651,448,0.69,44,0,120,2981955,67,1277,2,935,5876,97,1,1,2
영등포구,신길7동,4,0,0,0,2,1,3,416,376,0.9,28,3,110,3641547,74,1424,1,1883,5264,134,1,1,2
마포구,망원2동,2,1,0,0,0,2,5,401,351,0.88,52,2,105,2937758,66,1041,2,822,5357,77,1,0,1
영등포구,대림3동,12,1,1,0,7,5,9,555,476,0.86,57,2,167,2926587,69,896,3,935,6511,104,1,3,4
영등포구,영등포본동,18,3,0,0,4,2,8,403,328,0.81,39,3,156,3302786,70,1166,2,1143,6111,101,0,2,2
영등포구,영등포동,179,10,0,0,14,4,14,377,274,0.73,107,0,222,3602238,41,1165,2,1097,11107,142,1,2,3
영등포구,도림동,8,0,0,0,0,1,8,448,371,0.83,38,0,137,3061526,71,1149,3,815,5883,106,0,2,2
영등포구,문래동,11,3,1,0,11,1,24,1002,772,0.77,115,7,239,4056842,78,1191,7,2846,9293,254,1,0,1
동작구,노량진2동,11,0,2,0,1,0,2,35,25,0.71,14,2,114,2427127,67,1762,2,198,4239,16,0,1,1
동작구,상도1동,4,0,1,1,1,3,14,932,767,0.82,47,16,255,3908723,78,965,3,2109,15829,176,1,4,5
동작구,상도2동,8,1,0,0,1,3,7,663,579,0.87,53,4,157,3824542,75,1527,0,2136,8531,155,0,2,2
동작구,상도3동,3,0,0,0,0,3,3,381,300,0.79,11,8,182,2600915,74,789,2,862,8181,70,0,1,1
동작구,상도4동,0,0,1,0,1,1,4,683,512,0.75,20,4,242,2585296,82,930,1,1181,9148,116,0,3,3
동작구,대방동,19,3,1,0,2,2,11,466,363,0.78,80,8,235,3549959,75,1086,1,1623,11914,98,0,2,2
동작구,신대방2동,4,1,0,0,2,0,1,636,511,0.8,27,2,169,3379548,104,1036,2,1449,6644,146,0,0,0
동작구,흑석동,8,1,0,0,1,2,6,769,530,0.69,70,2,209,4212859,87,1753,1,2259,9241,176,2,4,6
동작구,노량진1동,9,0,0,0,0,4,17,578,428,0.74,69,28,216,3616194,76,1304,0,1542,10494,156,3,3,6
동작구,사당2동,15,3,0,0,1,2,5,550,474,0.86,19,7,162,3932019,77,1385,3,1711,8162,173,0,2,2
관악구,보라매동,0,1,0,0,2,3,3,603,385,0.64,11,0,339,2548046,90,742,0,939,8114,83,1,0,1
강서구,등촌3동,2,5,1,0,6,10,14,660,461,0.7,58,0,95,3428905,68,1169,0,1413,9184,136,1,4,5
관악구,삼성동,9,0,0,0,0,4,9,335,214,0.64,23,2,329,2607853,73,822,1,604,5981,46,1,1,2
관악구,미성동,12,1,0,1,3,7,10,607,482,0.79,31,0,384,2694159,71,808,1,1316,9067,86,0,1,1
서초구,양재1동,10,2,2,1,2,21,18,1028,789,0.77,145,22,507,4187758,86,1526,5,2732,12289,216,5,3,8
서초구,양재2동,10,2,0,0,0,12,4,595,424,0.71,97,3,514,3248298,80,1042,8,983,7799,91,0,1,1
서초구,내곡동,0,0,1,0,1,10,17,1142,674,0.59,42,21,258,3949670,82,1919,3,1433,4667,89,2,0,2
강남구,세곡동,0,1,1,1,3,20,21,1299,902,0.69,172,6,423,3910359,80,1759,10,3642,11923,268,5,1,6
금천구,가산동,91,7,1,0,6,3,10,635,378,0.6,196,39,296,2595373,44,850,3,575,10008,93,0,1,1
송파구,장지동,0,0,1,0,0,10,3,708,640,0.9,60,0,145,3285853,75,1505,1,1964,9160,160,0,5,5
송파구,위례동,0,0,1,0,1,4,11,1865,1698,0.91,141,10,116,3893769,92,1744,2,6382,7293,335,5,0,5
서초구,서초2동,58,6,2,1,1,3,6,774,536,0.69,78,0,265,5249873,83,1787,0,2014,6353,180,0,1,1
관악구,서림동,0,0,0,0,0,4,2,234,156,0.67,24,1,241,2554732,64,966,2,593,10613,61,1,2,3
송파구,오륜동,0,1,1,3,0,0,2,93,45,0.48,33,0,45,6154886,102,2223,0,1085,4371,36,1,2,3
강남구,논현1동,32,17,0,0,9,6,5,291,155,0.53,37,0,495,3313735,82,1260,1,550,10031,72,1,0,1
양천구,신월4동,7,0,1,0,1,5,10,523,394,0.75,31,4,162,2658669,71,680,2,1109,4759,74,0,3,3
성북구,정릉2동,2,0,1,0,2,1,14,246,181,0.74,38,3,189,2951897,71,954,3,1246,6248,104,0,0,0
성북구,정릉3동,5,0,0,1,1,1,7,444,245,0.55,10,29,253,2504545,78,644,2,439,4844,55,1,0,1
성북구,장위3동,0,0,0,0,0,1,6,437,409,0.94,36,0,104,3097882,65,1121,4,1482,3665,83,1,0,1
종로구,창신3동,0,1,0,0,0,2,4,116,62,0.53,1,0,41,3023324,73,1043,0,294,1956,30,1,0,1
종로구,숭인1동,22,0,0,0,0,1,4,101,70,0.69,10,0,85,2893985,81,1190,0,202,1567,15,0,1,1
종로구,숭인2동,35,1,1,0,1,1,3,106,75,0.71,16,3,116,2619079,34,789,1,194,3380,19,0,0,0
종로구,청운효자동,0,0,2,3,1,1,2,392,215,0.55,64,0,181,3817398,91,835,0,596,3348,44,1,1,2
종로구,혜화동,7,0,1,4,0,3,6,188,147,0.78,50,0,237,3355042,88,1056,2,512,6460,36,1,2,3
중구,소공동,87,4,0,7,1,4,1,440,295,0.67,77,0,129,5412533,58,1433,0,147,538,7,1,0,1
중구,회현동,55,10,0,2,0,1,3,397,198,0.5,60,11,204,4461434,101,1080,1,163,948,13,0,1,1
중구,명동,130,9,1,2,2,2,1,627,347,0.55,97,17,224,3744534,167,1198,1,59,597,5,0,0,0
중구,필동,52,0,0,2,0,0,1,79,51,0.65,35,11,160,3041074,61,959,2,139,1263,14,0,2,2
중구,신당5동,5,0,0,0,0,2,7,292,208,0.71,11,0,146,3046888,48,1319,1,446,2908,53,0,1,1
용산구,서빙고동,3,1,0,2,0,2,9,264,186,0.7,40,36,58,4229078,121,1941,2,658,3422,49,1,1,2
용산구,보광동,4,0,0,0,0,0,12,275,148,0.54,19,2,84,2556701,83,2097,1,263,4348,28,0,1,1
용산구,청파동,29,0,1,2,1,3,4,504,346,0.69,54,2,114,2633730,94,686,3,496,7100,65,2,0,2
용산구,원효로1동,9,1,1,0,0,2,7,305,269,0.88,26,5,56,4455856,86,1475,0,1094,5392,123,1,1,2
용산구,한강로동,25,10,0,1,0,4,8,713,590,0.83,95,22,81,4980382,107,1817,2,1231,5836,161,0,0,0
중구,황학동,14,1,0,0,2,1,3,289,229,0.79,24,0,118,3259918,49,983,0,650,4507,67,0,0,0
중구,신당동,64,19,1,0,2,0,3,106,91,0.86,66,3,200,2824606,55,1082,3,230,2446,22,1,0,1
중구,다산동,11,0,2,0,3,2,3,277,157,0.57,19,0,230,2692611,65,584,1,435,4586,42,1,1,2
중구,약수동,0,2,1,0,2,0,5,459,322,0.7,18,3,81,3914327,68,1167,0,840,4482,69,0,1,1
양천구,신정1동,1,0,0,0,0,6,19,338,290,0.86,33,0,121,5083754,88,1567,1,1496,4917,48,0,2,2
중구,청구동,1,0,0,0,0,1,5,180,122,0.68,10,1,134,3583972,69,1586,0,620,4199,78,0,2,2
양천구,신정4동,13,2,1,0,6,10,5,718,537,0.75,95,6,397,2632898,74,795,1,1145,10442,88,2,2,4
중구,동화동,0,0,1,0,0,2,6,235,161,0.69,11,0,110,3634791,85,1181,1,571,2915,48,0,0,0
용산구,이촌1동,3,2,0,0,1,0,10,289,260,0.9,29,6,51,6014542,138,1843,1,2170,6413,118,0,5,5
용산구,이촌2동,1,0,0,0,0,1,6,174,123,0.71,13,20,35,3610179,61,2285,0,425,2425,49,0,0,0
용산구,이태원2동,4,0,0,0,0,2,6,129,103,0.8,25,8,67,3276873,99,1330,0,343,2887,28,0,1,1
성동구,행당1동,5,3,1,0,2,0,11,448,354,0.79,30,4,297,3869155,79,1678,0,848,4510,67,0,1,1
성동구,행당2동,1,4,0,0,0,2,7,484,356,0.74,16,4,116,4437986,77,1497,0,1559,6706,152,0,2,2
성동구,응봉동,0,0,0,0,0,3,9,232,129,0.56,7,0,167,3891038,76,1479,0,977,3982,73,0,1,1
성동구,성수1가2동,3,1,0,0,1,2,8,291,198,0.68,33,0,230,3279767,75,1663,3,600,4692,70,0,0,0
성동구,성수2가3동,32,1,0,1,2,4,10,274,177,0.65,54,0,311,3378528,77,1459,5,451,3762,43,1,0,1
성동구,왕십리도선동,17,3,1,0,4,3,13,753,545,0.72,57,0,211,4037265,76,1392,4,1977,8365,131,1,3,4
마포구,상암동,2,3,0,1,1,14,11,1279,968,0.76,187,6,146,4192808,81,1309,1,1861,8041,93,3,2,5
마포구,공덕동,1,3,1,0,0,0,16,541,448,0.83,40,1,205,4067302,69,1497,0,1900,11905,150,2,1,3
금천구,독산1동,35,8,0,0,13,8,26,1201,976,0.81,83,19,357,3019139,70,906,3,2915,13828,319,2,2,4
성동구,금호2·3가동,9,0,0,0,0,3,13,659,495,0.75,15,3,231,3781300,71,1639,0,1540,6996,153,1,1,2
광진구,화양동,11,2,0,1,3,4,2,208,142,0.68,32,0,306,2490675,41,1066,1,284,12826,38,1,1,2
광진구,군자동,11,1,1,1,1,2,4,435,290,0.67,63,0,311,2626714,82,1050,0,645,7647,71,0,3,3
강서구,등촌1동,3,6,0,0,1,5,18,411,372,0.91,21,0,82,3350959,69,1030,1,1243,9777,179,0,1,1
광진구,중곡1동,11,0,0,0,0,1,2,163,126,0.77,43,6,181,2558983,67,758,2,565,5612,63,0,0,0
노원구,상계9동,0,2,0,0,0,3,4,317,260,0.82,30,0,46,2984513,51,1056,0,1050,5793,104,1,2,3
광진구,중곡2동,9,1,0,0,1,1,3,473,359,0.76,29,0,237,2576212,53,820,2,830,7524,82,0,1,1
노원구,중계1동,0,2,0,0,0,3,15,423,333,0.79,33,0,55,4657489,76,1173,1,1645,5803,34,0,2,2
광진구,중곡3동,7,0,1,0,1,1,2,686,494,0.72,47,6,311,2409648,61,904,1,605,5373,71,1,3,4
광진구,중곡4동,0,1,0,0,0,2,5,628,454,0.72,29,5,327,2542721,79,709,0,1015,8900,89,1,0,1
광진구,능동,6,0,0,1,2,0,1,193,157,0.81,18,0,212,2870468,89,561,1,432,4766,45,0,2,2
광진구,구의1동,8,0,0,0,1,1,4,435,312,0.72,18,0,286,2706661,71,1015,1,859,8632,92,0,2,2
광진구,구의3동,5,5,1,0,1,6,8,478,373,0.78,79,7,277,4041811,89,1265,0,1574,9293,120,0,2,2
송파구,잠실본동,41,5,1,0,1,6,6,451,400,0.89,37,0,167,3107117,68,1490,4,951,10835,95,0,0,0
광진구,광장동,9,2,1,0,0,2,20,491,373,0.76,89,19,294,5314464,106,1526,2,2415,8160,112,1,4,5
광진구,자양1동,25,1,0,0,2,3,5,488,333,0.68,28,0,242,2756172,66,1225,2,723,7832,73,1,2,3
광진구,자양2동,1,1,1,0,1,3,10,401,325,0.81,31,4,272,3018829,88,1317,1,1209,7805,94,2,2,4
송파구,잠실4동,12,2,0,0,0,3,5,500,432,0.86,35,3,50,5970352,79,2546,0,2254,5716,90,0,1,1
광진구,자양4동,10,3,1,0,3,3,8,350,252,0.72,24,2,282,2800761,74,1455,0,786,5498,86,0,2,2
송파구,잠실6동,52,8,1,2,3,2,3,527,438,0.83,49,3,55,5270661,128,1592,1,1237,4476,82,0,1,1
동대문구,회기동,18,1,0,1,2,0,1,184,122,0.66,24,0,138,3243016,53,1032,0,311,4381,33,0,2,2
동대문구,휘경2동,1,0,1,0,2,3,10,533,369,0.69,40,8,222,3091111,76,932,1,935,8114,75,2,1,3
동대문구,청량리동,20,2,1,0,1,1,14,297,194,0.65,48,9,146,2868180,95,1029,3,618,4757,43,0,2,2
동대문구,용신동,41,2,1,0,9,6,8,695,560,0.81,126,35,290,2913220,55,1116,3,1985,10114,143,0,1,1
동대문구,제기동,44,4,0,1,2,2,6,515,321,0.62,87,18,295,2815717,70,879,4,796,7339,72,1,2,3
동대문구,전농1동,7,5,0,0,1,3,6,687,486,0.71,103,3,217,3073126,70,1396,3,1976,8648,132,0,3,3
동대문구,전농2동,1,1,1,1,1,2,9,490,324,0.66,9,9,176,3158030,78,1101,0,983,4805,63,2,2,4
동대문구,답십리2동,4,0,0,0,4,3,21,743,645,0.87,45,4,201,3052058,68,1080,4,1581,7843,166,0,4,4
송파구,잠실7동,23,1,0,0,0,1,2,0,0,0.0,7,0,41,6053210,119,2345,2,534,2447,36,1,1,2
동대문구,장안1동,67,2,0,0,15,7,13,1115,941,0.84,87,13,289,2880343,63,784,5,2114,11064,171,1,2,3
동대문구,장안2동,6,2,0,0,6,6,10,774,653,0.84,91,5,227,2949910,70,803,1,2486,8316,165,1,2,3
중랑구,면목2동,14,0,0,0,2,2,5,581,423,0.73,47,9,235,2337668,68,723,3,945,6826,75,2,2,4
중랑구,면목4동,2,0,0,0,0,1,8,405,288,0.71,28,10,210,2586102,74,1018,1,848,5348,77,1,1,2
송파구,잠실2동,0,2,1,0,0,2,2,422,395,0.94,45,0,27,6380748,73,2766,0,3289,7813,131,2,1,3
중랑구,면목5동,6,1,0,0,0,2,3,290,246,0.85,26,17,155,2246887,73,1090,3,1313,3497,114,0,0,0
중랑구,면목7동,14,3,0,0,1,1,12,531,467,0.88,40,0,218,2669465,79,931,1,1027,6242,116,0,1,1
중랑구,상봉2동,69,3,1,0,2,3,2,336,251,0.75,64,6,196,2590471,47,947,3,728,7162,142,0,1,1
중랑구,중화2동,17,3,0,0,0,4,5,397,312,0.79,82,26,253,2265660,64,743,3,854,7443,77,0,2,2
중랑구,묵1동,0,1,1,0,2,7,13,799,539,0.67,68,12,250,3140383,76,853,0,1739,9912,134,0,2,2
중랑구,묵2동,32,0,0,0,0,1,5,462,309,0.67,70,15,177,2547489,63,852,1,782,5746,73,2,0,2
노원구,공릉2동,0,1,1,2,2,9,23,1326,1053,0.79,97,0,271,3414711,75,913,6,2891,11860,223,2,8,10
중랑구,망우3동,3,0,0,0,0,1,3,384,268,0.7,19,2,210,2241100,58,678,1,559,4625,43,1,0,1
중랑구,신내2동,0,4,0,0,1,4,9,555,426,0.77,34,1,79,3092303,68,962,0,980,5760,104,2,3,5
중랑구,면목본동,12,0,1,0,2,6,7,765,591,0.77,56,0,374,2348141,51,794,1,1225,10512,144,2,1,3
중랑구,면목3·8동,5,1,0,0,1,3,8,753,615,0.82,42,0,302,2367907,71,844,0,909,7304,83,0,1,1
중랑구,망우본동,15,1,2,0,8,3,10,1012,870,0.86,80,0,301,2458975,64,749,1,2547,8365,214,2,3,5
성북구,돈암1동,2,1,0,0,0,2,8,241,205,0.85,27,4,94,3601326,75,955,1,666,4119,75,0,2,2
성북구,돈암2동,0,2,3,0,0,0,9,475,410,0.86,7,1,44,4324031,85,957,1,1632,5794,99,0,6,6
성북구,안암동,9,0,0,1,2,1,6,363,213,0.59,37,14,181,2917634,65,659,5,371,5136,25,0,1,1
성북구,보문동,12,0,0,0,2,3,6,395,310,0.78,33,14,148,3155930,78,1067,2,963,5049,83,1,3,4
성북구,길음2동,40,3,1,0,4,0,6,473,401,0.85,42,0,125,3728596,80,1115,2,2031,3804,139,1,1,2
노원구,공릉1동,13,1,1,0,4,7,19,732,498,0.68,65,1,299,2800723,65,810,4,1487,12099,110,2,4,6
성북구,월곡1동,4,1,0,0,0,5,11,616,509,0.83,33,0,171,3312141,70,985,1,1608,6749,120,1,0,1
성북구,장위1동,6,0,1,0,0,1,5,335,289,0.86,24,0,424,2245938,79,989,1,1477,5440,86,1,2,3
성북구,장위2동,9,0,0,0,1,0,2,329,250,0.76,47,0,218,2398143,81,816,3,483,3569,53,1,2,3
은평구,불광1동,0,6,1,1,2,4,13,760,584,0.77,34,0,276,3219816,72,960,0,1835,10417,147,1,3,4
성북구,종암동,15,2,1,0,3,4,19,817,632,0.77,43,11,284,3406932,74,1010,5,2097,10956,135,1,5,6
성북구,석관동,16,0,1,0,1,4,8,497,410,0.82,50,0,375,2858120,73,1035,3,1658,9405,143,1,2,3
강북구,번1동,2,3,0,0,3,3,6,363,254,0.7,57,0,121,2318825,71,777,2,487,5919,42,1,1,2
강북구,번2동,1,0,1,0,1,3,10,336,246,0.73,26,0,104,2317709,75,736,1,488,4138,42,0,1,1
강북구,번3동,0,0,0,0,1,2,14,308,235,0.76,30,0,45,2568944,77,776,3,667,3940,61,1,0,1
강북구,수유2동,10,3,0,0,0,2,5,616,437,0.71,34,0,92,2594901,66,691,0,833,5501,62,0,3,3
강북구,수유3동,150,2,0,0,2,5,4,380,233,0.61,51,0,1325,2221860,56,740,1,594,7411,58,0,1,1
강북구,송중동,1,4,1,0,1,4,7,640,553,0.86,56,11,180,2571061,80,949,2,1268,8046,102,1,3,4
도봉구,쌍문1동,0,0,1,2,4,1,13,456,282,0.62,51,0,180,2458780,74,641,1,899,5634,67,2,3,5
도봉구,쌍문2동,6,1,0,0,3,1,7,480,359,0.75,28,0,78,2445353,86,564,3,789,5343,68,0,1,1
도봉구,쌍문3동,12,0,0,0,1,2,7,455,358,0.79,25,0,88,2458777,66,664,3,666,4867,52,0,0,0
도봉구,쌍문4동,0,1,0,0,0,1,11,244,193,0.79,22,2,55,2983010,78,716,0,935,5075,44,0,5,5
도봉구,방학1동,14,3,0,0,3,4,11,481,391,0.81,80,0,149,2913239,73,729,3,1195,7587,70,1,2,3
도봉구,방학2동,10,0,0,0,1,5,4,651,440,0.68,30,0,116,2111754,61,445,2,660,5212,44,0,0,0
도봉구,방학3동,0,1,1,0,2,0,18,524,382,0.73,42,0,59,2981111,74,654,2,1480,7013,77,1,3,4
도봉구,창1동,1,2,1,0,0,7,6,440,305,0.69,29,0,139,3062656,72,836,1,1137,6904,95,0,2,2
도봉구,창2동,6,2,0,0,2,4,7,869,554,0.64,20,0,110,2569991,76,637,2,1370,8425,114,0,1,1
도봉구,창3동,0,0,0,0,0,2,5,402,274,0.68,20,0,130,2246742,66,674,0,505,3682,25,1,1,2
도봉구,창4동,6,0,1,0,0,5,10,665,472,0.71,26,0,74,3579683,64,1036,0,1393,7399,114,2,2,4
도봉구,창5동,30,2,0,0,3,2,12,459,383,0.83,28,0,89,3320477,67,959,1,1182,7259,90,2,2,4
서대문구,남가좌2동,2,0,1,0,0,4,6,734,593,0.81,24,0,258,3234073,73,1286,3,2307,7536,157,0,3,3
서대문구,북가좌1동,0,1,0,0,3,2,17,417,370,0.89,57,2,114,4030695,78,1061,2,1146,4618,81,0,1,1
도봉구,도봉1동,13,0,0,0,2,5,10,385,332,0.86,30,0,199,2291226,74,548,5,616,5189,47,2,1,3
도봉구,도봉2동,1,3,1,0,0,2,15,745,497,0.67,65,6,128,2837674,80,720,1,1415,6827,115,0,2,2
노원구,월계1동,7,2,1,0,1,6,19,519,429,0.83,37,0,221,2799550,77,928,1,889,6750,81,0,2,2
노원구,월계3동,0,2,1,0,1,4,12,617,476,0.77,24,0,71,3139270,63,1108,0,1722,8240,160,1,4,5
노원구,하계1동,0,3,1,1,2,9,11,546,326,0.6,61,0,105,3646787,78,1025,0,867,7813,61,1,4,5
노원구,중계본동,0,3,1,0,0,3,16,238,164,0.69,29,0,118,4230534,82,942,0,1129,5861,40,1,2,3
노원구,중계4동,0,3,1,0,1,5,12,168,125,0.74,28,0,102,3213848,74,876,0,876,4908,39,0,3,3
노원구,상계1동,1,2,1,0,1,6,27,829,621,0.75,23,0,206,3051681,79,770,5,1788,10728,116,3,2,5
노원구,상계2동,17,6,0,0,4,0,13,712,485,0.68,36,0,168,3141488,73,878,2,686,5892,42,1,2,3
노원구,상계5동,7,2,0,0,1,1,10,442,300,0.68,36,0,227,2493124,67,816,1,840,6341,72,1,0,1
노원구,중계2·3동,0,6,2,1,1,6,12,460,376,0.82,75,0,99,2955453,65,1106,1,1520,9076,150,1,4,5
노원구,상계10동,26,0,1,0,0,4,5,315,271,0.86,43,0,50,3153839,75,1201,0,1193,5127,126,1,2,3
노원구,상계6·7동,23,17,1,0,6,10,9,596,477,0.8,42,0,159,3173400,59,1232,0,1883,9673,203,1,4,5
은평구,녹번동,16,0,0,0,5,6,12,1248,969,0.78,52,0,295,3040384,71,969,1,2114,10175,205,2,2,4
은평구,갈현1동,33,2,0,0,2,3,6,562,214,0.38,26,2,208,2495345,60,776,3,474,6938,38,0,1,1
은평구,갈현2동,52,0,0,0,2,3,6,696,462,0.66,28,0,264,2559993,76,597,0,1108,8401,83,0,4,4
은평구,구산동,2,1,1,0,3,2,5,690,435,0.63,26,0,275,2625218,79,613,0,1334,8609,74,1,3,4
은평구,대조동,73,6,0,0,2,1,4,604,437,0.72,41,0,257,2555764,33,932,0,918,9087,94,0,0,0
은평구,응암1동,11,4,0,0,2,3,7,1098,932,0.85,48,0,210,2744076,69,845,1,2230,7899,169,1,2,3
은평구,응암2동,0,0,0,0,1,4,4,924,842,0.91,16,0,141,3523843,66,999,0,2727,5773,157,1,2,3
은평구,신사1동,8,1,0,0,1,2,9,745,413,0.55,33,0,185,2653534,71,722,1,1197,7965,104,0,3,3
강남구,대치4동,14,3,1,1,3,2,6,686,395,0.58,27,0,345,4133268,63,1322,2,590,6937,53,1,0,1
은평구,신사2동,5,0,1,0,0,3,8,399,337,0.84,23,0,286,2654016,70,730,1,836,5792,68,1,1,2
은평구,증산동,6,1,1,0,0,2,9,445,364,0.82,20,0,184,2865029,74,925,1,1076,4146,83,0,1,1
은평구,역촌동,15,1,0,0,2,4,3,1087,818,0.75,64,0,355,2538605,78,630,2,1824,13402,145,1,2,3
서대문구,홍제1동,13,3,0,0,0,2,24,609,418,0.69,17,1,247,3453866,72,963,3,1451,6340,120,0,3,3
서대문구,홍제3동,0,1,1,0,2,3,2,508,403,0.79,20,0,191,2839603,78,904,0,1001,4128,100,1,1,2
서대문구,홍제2동,0,0,0,0,0,0,2,289,202,0.7,10,1,72,3694079,72,979,0,651,3801,66,0,2,2
서대문구,홍은1동,4,1,1,0,1,2,17,248,225,0.91,25,2,268,3096481,74,883,1,1249,5631,107,1,1,2
서대문구,연희동,5,1,1,1,5,9,11,630,453,0.72,58,17,505,3407515,75,778,3,1305,12929,114,0,1,1
마포구,용강동,31,1,0,0,1,4,10,488,369,0.76,73,3,133,4801843,78,1649,1,1867,5529,110,0,2,2
마포구,대흥동,3,1,0,0,1,1,6,257,183,0.71,64,0,160,3438438,51,1418,2,569,4730,53,2,0,2
마포구,신수동,6,0,0,0,1,3,15,484,404,0.83,72,0,139,4157619,83,1531,2,1458,6299,106,0,1,1
마포구,서교동,70,12,1,2,5,6,5,355,260,0.73,136,6,293,3245678,79,1037,1,661,9775,63,0,2,2
양천구,신월1동,62,0,0,0,1,5,11,704,418,0.59,29,4,281,2242859,68,558,2,694,5523,57,0,1,1
마포구,합정동,16,0,0,1,1,2,4,372,254,0.68,67,0,166,3217611,87,1232,2,648,7280,62,1,0,1
마포구,망원1동,4,1,0,0,0,3,5,446,320,0.72,45,0,113,2803732,83,1035,0,779,6772,66,0,0,0
마포구,성산2동,9,3,1,0,2,9,18,944,709,0.75,58,2,177,3554997,75,1125,4,1809,12086,185,1,3,4
마포구,도화동,1,4,0,0,1,2,12,463,371,0.8,34,9,132,4230010,75,1356,0,1295,6270,123,1,2,3
마포구,서강동,24,1,1,1,2,6,11,716,553,0.77,89,11,152,4362487,92,1362,1,1594,8145,88,0,0,0
마포구,아현동,15,1,0,0,1,1,18,905,703,0.78,44,0,121,5251272,83,1667,2,2932,7821,255,0,0,0
양천구,목1동,6,10,0,0,3,2,19,254,210,0.83,144,9,188,5693469,97,1794,0,2400,6932,73,1,1,2
양천구,목2동,2,0,0,0,1,3,10,654,498,0.76,53,4,340,3263231,85,907,4,1305,10275,141,1,2,3
양천구,목3동,1,2,0,0,1,4,5,554,434,0.78,25,0,232,3106224,74,971,0,1098,7376,120,0,2,2
양천구,신월2동,1,0,0,0,0,3,10,686,548,0.8,35,4,207,2749382,74,716,1,1240,5853,78,0,1,1
양천구,신월3동,5,0,0,0,1,2,3,442,291,0.66,23,7,202,2165452,77,547,6,641,4202,53,1,1,2
양천구,신월5동,13,1,1,0,1,4,2,427,328,0.77,33,0,176,2629758,75,633,2,694,4321,47,1,1,2
양천구,신월6동,0,0,0,0,1,2,6,552,470,0.85,12,0,91,2861120,77,945,0,1392,2731,101,0,1,1
관악구,중앙동,22,3,0,0,1,4,2,144,131,0.91,25,0,196,2659688,58,914,0,337,6843,33,1,0,1
양천구,신월7동,4,0,1,0,0,8,7,522,352,0.67,47,3,218,2355515,63,767,2,782,5730,77,1,1,2
양천구,신정2동,7,0,0,0,1,2,12,281,231,0.82,43,11,139,4749748,85,1354,0,994,4919,31,0,1,1
양천구,신정6동,0,0,1,0,2,7,3,428,352,0.82,71,2,106,5422674,100,1752,1,1741,6366,79,0,2,2
양천구,신정7동,0,2,1,0,0,4,9,537,420,0.78,61,13,179,4105140,91,1343,5,1596,7408,102,0,3,3
양천구,목5동,0,2,2,0,1,9,6,614,511,0.83,142,13,186,6040209,104,1788,1,2944,9522,69,3,6,9
강서구,염창동,8,2,1,0,3,4,35,1271,978,0.77,29,1,130,4149403,77,1123,3,3436,12119,330,1,0,1
강서구,등촌2동,7,0,1,0,1,1,8,364,254,0.7,13,0,115,3376193,77,913,4,975,6873,89,1,1,2
강서구,화곡본동,2,0,0,0,3,11,11,1038,813,0.78,9,0,321,2415100,54,499,1,1420,12399,110,1,3,4
강서구,화곡2동,4,0,0,0,0,3,2,518,403,0.78,8,5,115,2399728,73,514,3,818,5517,56,0,2,2
강서구,화곡3동,19,8,1,0,4,5,5,509,446,0.88,9,0,118,3163389,70,850,0,987,6445,91,0,1,1
강서구,화곡4동,9,1,1,0,1,6,4,610,378,0.62,12,1,175,2433021,71,566,2,827,6357,66,1,3,4
강서구,화곡6동,74,0,0,1,0,4,6,407,285,0.7,20,0,184,3065202,76,739,1,1380,7794,94,0,2,2
강서구,화곡8동,2,1,1,0,0,6,5,554,314,0.57,13,0,171,2492240,57,703,3,918,7970,107,0,1,1
강서구,가양2동,0,5,0,1,0,5,7,352,214,0.61,27,6,22,3089888,91,1156,0,429,4378,54,1,2,3
강서구,가양3동,0,1,1,0,0,4,8,265,200,0.75,31,3,38,3070414,61,1276,3,622,5025,123,1,3,4
강서구,화곡1동,108,7,0,0,3,11,6,877,726,0.83,49,3,308,2504960,52,645,5,1994,18770,245,2,1,3
강서구,우장산동,31,7,1,0,4,6,10,892,661,0.74,29,1,167,4160862,80,851,2,3123,11251,140,1,4,5
구로구,구로5동,10,6,1,0,6,4,14,796,630,0.79,134,16,315,3234853,60,808,4,1507,10222,169,1,0,1
구로구,개봉2동,9,2,0,0,0,1,13,648,552,0.85,18,6,173,3085566,76,757,2,1639,8550,148,0,3,3
구로구,개봉3동,4,0,1,0,0,3,6,618,467,0.76,6,10,268,2531417,73,618,1,873,5561,71,1,0,1
구로구,오류1동,46,5,1,0,11,1,11,582,395,0.68,29,24,178,2601216,55,660,2,965,7718,119,0,4,4
구로구,수궁동,3,0,1,0,0,3,9,651,551,0.85,52,21,292,2700019,77,572,4,1121,6476,81,0,1,1
구로구,가리봉동,25,0,0,0,5,0,4,204,101,0.5,23,10,323,2352441,71,670,1,175,2494,17,0,0,0
구로구,구로2동,66,4,2,0,2,2,11,761,500,0.66,93,22,447,2466817,59,692,12,614,6320,41,0,1,1
구로구,개봉1동,9,1,2,0,3,2,11,795,590,0.74,43,15,315,2822702,74,773,4,1952,9031,198,1,2,3
구로구,오류2동,0,8,0,1,8,4,20,1233,900,0.73,123,18,348,2797426,74,806,1,2113,10217,147,3,4,7
구로구,항동,0,0,0,0,0,2,8,875,756,0.86,48,2,36,3077245,81,932,1,2441,3133,130,1,0,1
금천구,독산2동,4,0,0,0,13,7,2,610,480,0.79,22,0,308,2259740,64,484,2,694,5422,79,2,0,2
금천구,독산3동,16,0,0,0,25,6,6,474,360,0.76,40,0,317,2403718,71,671,1,768,7174,76,0,2,2
금천구,독산4동,7,0,1,0,10,6,3,587,355,0.6,29,0,256,2272134,70,625,1,480,4310,43,1,0,1
금천구,시흥2동,0,0,1,0,2,0,12,419,326,0.78,17,0,96,3201731,75,686,0,1186,5264,96,1,3,4
금천구,시흥3동,2,0,0,0,1,5,5,278,159,0.57,25,5,178,2528235,69,489,1,404,2890,25,0,1,1
금천구,시흥4동,0,1,0,0,8,8,7,824,479,0.58,10,0,226,2419264,74,580,0,752,5571,56,0,0,0
영등포구,여의동,66,10,2,3,1,3,5,2867,1868,0.65,258,1,76,5641422,128,1787,4,2339,8619,151,1,4,5
영등포구,당산1동,60,2,0,0,2,1,17,672,548,0.82,68,0,120,3555912,66,1388,3,975,7245,139,0,2,2
영등포구,신길3동,13,0,0,0,4,0,4,327,268,0.82,24,3,224,3076031,64,1269,2,1013,4331,88,0,3,3
영등포구,신길4동,1,0,0,0,1,1,3,505,433,0.86,16,3,115,2730472,67,1501,2,769,2593,83,1,2,3
영등포구,신길5동,11,0,0,0,0,2,4,220,189,0.86,22,0,122,2660632,76,1301,1,655,2648,43,0,1,1
영등포구,대림1동,6,1,0,0,3,2,6,399,326,0.82,31,0,165,2589615,76,1040,0,683,3775,58,0,2,2
영등포구,대림2동,18,0,0,0,2,1,5,279,169,0.61,24,2,252,2708286,60,938,1,349,3465,34,2,0,2
동작구,사당1동,20,4,0,0,5,3,7,433,355,0.82,11,4,201,2881294,72,987,1,603,9339,90,0,1,1
서초구,서초4동,21,16,0,0,1,3,9,359,267,0.74,47,0,222,6518537,100,2229,0,2466,7189,97,1,2,3
동작구,사당3동,24,1,0,0,1,3,4,459,383,0.83,7,3,143,3900230,84,1341,0,1726,7254,104,1,1,2
동작구,사당4동,2,0,0,0,2,5,4,341,284,0.83,5,0,136,2872091,91,969,0,553,4837,56,0,0,0
서초구,반포1동,24,4,1,0,2,3,8,749,500,0.67,49,3,244,5348194,90,2701,4,2913,9203,125,0,1,1
동작구,사당5동,1,0,1,0,1,6,4,191,183,0.96,12,3,130,3085602,64,1146,0,841,4210,97,2,1,3
동작구,신대방1동,3,1,0,0,1,2,10,444,328,0.74,18,15,175,3864071,88,1133,0,1278,6480,107,1,3,4
관악구,청림동,0,1,1,0,0,0,5,377,305,0.81,4,7,108,3720047,67,1106,0,1038,4509,109,1,2,3
관악구,행운동,0,2,0,0,2,3,7,373,265,0.71,14,0,271,2919598,78,911,0,859,12578,79,2,3,5
관악구,낙성대동,9,1,0,0,1,4,4,844,525,0.62,45,0,216,3234521,74,875,5,498,7985,68,0,0,0
관악구,인헌동,1,0,0,0,1,5,5,361,316,0.88,12,0,211,2814313,79,909,0,835,10356,66,0,2,2
관악구,남현동,32,2,0,1,1,3,4,352,210,0.6,15,4,215,3262523,83,915,2,725,7403,85,1,1,2
관악구,서원동,7,3,0,0,7,2,5,465,272,0.58,24,1,239,2435639,65,881,0,495,10297,64,0,0,0
관악구,신원동,37,0,0,0,0,1,3,313,189,0.6,10,0,191,2426266,69,805,2,376,7200,41,1,1,2
관악구,신림동,156,4,0,0,12,3,3,171,113,0.66,16,0,276,2465724,41,878,0,256,13004,31,0,0,0
관악구,난향동,1,0,0,0,0,1,8,421,311,0.74,20,0,123,3295101,83,878,1,843,3739,41,0,1,1
관악구,조원동,57,0,1,0,3,2,5,420,300,0.71,70,1,273,2549555,61,894,1,687,6859,89,0,0,0
관악구,대학동,9,2,1,1,1,5,4,163,116,0.71,26,0,254,2642154,72,814,0,525,10847,59,1,0,1
서초구,방배1동,2,0,0,0,2,2,1,150,143,0.95,18,6,252,4109448,113,1598,0,934,5420,83,0,0,0
관악구,은천동,4,0,2,0,1,5,11,648,561,0.87,42,3,248,3094988,74,1028,0,1578,10549,136,2,3,5
관악구,성현동,2,0,1,0,0,0,10,559,417,0.75,30,3,123,3483573,82,997,0,1557,9082,114,0,3,3
관악구,청룡동,42,2,0,0,3,7,5,571,381,0.67,32,0,353,2799733,50,1060,1,1039,15089,102,2,0,2
관악구,난곡동,1,0,0,0,0,5,6,533,390,0.73,16,0,462,2282447,61,793,0,852,7860,56,1,2,3
서초구,서초1동,2,4,0,1,4,2,8,683,455,0.67,36,0,298,4811809,101,1444,2,1121,6379,107,0,1,1
서초구,서초3동,57,2,1,3,5,8,8,720,445,0.62,91,8,478,4731537,124,1442,6,1518,9698,141,0,1,1
서초구,잠원동,33,6,1,0,1,6,31,436,292,0.67,70,2,230,5491700,101,2468,3,1730,8183,94,0,2,2
서초구,반포2동,2,1,0,0,0,4,3,473,298,0.63,28,6,130,6796941,101,3374,3,2188,3080,69,0,2,2
서초구,반포3동,0,7,0,0,0,5,9,442,362,0.82,46,0,97,6158570,83,2929,1,1849,4651,112,0,1,1
서초구,반포4동,0,1,1,0,2,4,6,752,585,0.78,26,8,315,5316166,148,1533,1,1425,5080,94,0,0,0
서초구,방배본동,10,1,0,0,3,1,8,181,141,0.78,46,6,267,4909440,164,1473,1,1212,5252,49,1,0,1
서초구,방배3동,0,0,2,0,2,4,11,429,309,0.72,30,3,249,4709005,121,1646,1,1073,5957,61,0,3,3
서초구,방배4동,4,6,0,0,3,2,4,409,359,0.88,48,4,312,4576463,135,1453,1,1279,6815,90,1,1,2
강남구,삼성1동,12,7,0,0,6,3,12,526,269,0.51,87,0,348,5143098,134,2162,2,653,4009,63,0,1,1
강남구,삼성2동,47,4,1,0,2,5,12,768,518,0.67,41,0,393,5094416,89,2113,1,1985,8826,130,0,0,0
강남구,역삼1동,143,27,3,0,5,6,19,702,312,0.44,104,0,763,3629382,74,1230,8,817,16690,153,1,0,1
강남구,역삼2동,16,1,0,0,2,8,7,547,340,0.62,55,0,277,5414467,74,1991,4,2173,9904,106,0,1,1
강남구,도곡1동,0,4,1,0,8,2,12,256,167,0.65,31,4,243,5446074,115,1795,5,1405,6289,84,1,1,2
송파구,풍납1동,5,0,0,0,1,1,7,213,174,0.82,19,0,133,3020190,79,1272,0,543,3919,60,0,1,1
강남구,도곡2동,0,6,0,0,0,4,5,308,224,0.73,93,8,184,6595455,116,2380,0,2412,7492,106,0,2,2
송파구,풍납2동,5,0,0,0,1,3,13,1152,818,0.71,39,9,173,3917183,76,1342,2,1560,7612,118,0,3,3
강남구,개포1동,0,0,0,0,0,1,11,141,98,0.69,27,2,49,5156498,120,2334,0,848,1719,24,1,0,1
송파구,방이2동,26,0,0,1,2,4,2,506,430,0.85,30,0,132,2944371,78,1098,2,927,9899,111,0,1,1
강남구,개포4동,1,0,0,0,1,2,3,706,488,0.69,28,20,408,3576102,87,1968,1,1555,5934,162,1,1,2
강남구,일원본동,0,0,1,1,1,9,13,691,467,0.68,42,1,158,5465517,82,2291,1,1754,5971,109,0,3,3
강남구,일원1동,0,1,0,0,0,3,2,490,255,0.52,37,14,228,3033658,56,2228,1,577,4708,66,1,1,2
송파구,송파2동,2,0,0,0,0,5,6,239,231,0.97,43,0,86,4388013,95,1568,1,1238,6099,83,1,3,4
강남구,개포3동,0,2,1,0,0,5,4,444,307,0.69,54,5,113,5147848,90,2513,5,1018,4227,98,0,2,2
강남구,수서동,1,2,0,0,1,7,9,390,288,0.74,30,12,171,3855339,94,2147,1,522,4098,92,1,3,4
강남구,압구정동,15,13,0,4,8,7,9,306,240,0.78,50,4,367,5869439,120,2925,2,1788,6752,121,0,1,1
송파구,석촌동,23,2,1,0,15,5,3,656,526,0.8,51,0,203,2945267,76,1171,5,1226,12280,119,0,2,2
강남구,청담동,26,8,2,1,6,4,14,360,270,0.75,64,0,495,5064308,132,2222,1,1659,8562,103,1,2,3
송파구,삼전동,19,0,0,0,3,6,2,716,582,0.81,31,0,186,2802008,69,1043,3,1084,11765,126,0,2,2
강남구,대치2동,2,6,3,0,3,1,9,629,400,0.64,90,0,303,6031786,97,2556,2,2204,9543,89,1,0,1
송파구,가락본동,43,2,0,0,10,9,9,465,401,0.86,53,0,129,3556481,84,1194,3,1354,8926,137,1,1,2
강남구,개포2동,0,1,1,1,0,5,10,466,249,0.53,101,9,228,5147848,85,2979,0,3631,5029,260,1,2,3
송파구,거여1동,13,0,0,0,2,5,6,609,516,0.85,19,0,117,2804087,76,1131,0,490,3362,46,1,0,1
송파구,거여2동,1,1,1,0,1,5,12,771,682,0.88,20,0,153,3055829,74,1405,0,1771,4499,166,1,2,3
송파구,문정1동,1,1,0,0,1,4,6,341,303,0.89,25,0,91,3598326,81,1151,0,1053,6840,80,0,1,1
송파구,마천1동,4,2,1,0,9,5,7,442,420,0.95,28,0,134,2444437,77,1145,1,673,4818,45,0,1,1
송파구,마천2동,1,2,0,0,4,5,6,520,391,0.75,24,0,150,2350856,67,1177,1,572,4953,51,1,1,2
송파구,방이1동,4,0,0,0,1,4,3,201,152,0.76,29,0,114,3992780,100,1200,0,885,4758,57,1,1,2
송파구,오금동,6,2,1,0,2,13,16,901,724,0.8,81,1,208,3535896,87,1258,4,2265,11322,161,1,3,4
송파구,송파1동,6,2,0,0,3,6,5,552,429,0.78,38,0,127,3156460,96,1172,1,943,9762,123,1,2,3
송파구,가락1동,36,1,1,1,0,0,4,813,698,0.86,39,0,32,4845454,79,2152,1,3003,5781,227,1,0,1
송파구,가락2동,3,2,0,0,0,8,11,945,725,0.77,36,0,141,3944606,90,1191,3,2039,9463,144,0,4,4
송파구,문정2동,2,8,0,0,4,9,4,546,392,0.72,116,1,88,4500916,105,1694,3,1447,11535,169,0,0,0
송파구,잠실3동,6,3,1,0,1,2,6,409,348,0.85,57,2,42,5471680,96,2553,0,2545,8886,126,2,1,3
강동구,성내1동,5,1,0,0,5,3,13,774,526,0.68,57,0,115,3464859,86,1043,0,1315,5889,109,0,1,1
강동구,명일1동,1,2,1,0,2,5,8,604,567,0.94,52,0,142,3581960,75,1110,0,2024,6584,174,1,0,1
강동구,명일2동,2,5,0,0,0,5,5,257,218,0.85,54,4,71,4543984,104,1263,1,933,4391,38,0,4,4
강동구,고덕1동,0,0,0,1,0,6,10,517,427,0.83,65,0,143,4629717,85,1439,1,2183,5995,59,0,2,2
강동구,고덕2동,0,2,1,0,1,5,3,619,551,0.89,74,0,167,2469588,65,1814,0,2404,3769,157,1,1,2
강동구,암사2동,8,1,1,1,0,1,2,526,419,0.8,26,6,79,3716364,82,1296,2,1141,4491,103,0,1,1
강동구,암사3동,0,1,0,0,0,4,4,464,364,0.78,44,3,110,4493691,79,1206,0,1514,4639,64,0,1,1
강동구,천호1동,12,1,0,0,0,6,14,771,632,0.82,44,0,262,2492890,76,860,1,1128,7962,97,1,0,1
강동구,천호3동,54,2,1,0,3,1,4,564,411,0.73,39,1,196,3174637,71,1050,0,1132,8300,143,0,2,2
강동구,성내2동,20,2,0,0,4,1,3,569,373,0.66,31,0,217,2835156,77,1058,3,843,7900,110,0,0,0
강동구,성내3동,32,14,1,0,2,3,1,648,495,0.76,39,0,203,2921629,70,935,0,981,7038,79,0,2,2
강동구,둔촌2동,5,3,1,0,1,2,13,578,430,0.74,64,0,209,3444262,75,1101,2,1520,7784,146,1,1,2
강동구,암사1동,6,1,1,0,1,4,18,1043,797,0.76,30,3,301,2869280,75,978,2,1711,10165,125,1,0,1
강동구,천호2동,72,9,1,0,6,7,5,819,622,0.76,76,4,339,2759828,71,1046,3,1447,10500,177,0,2,2
강동구,길동,53,4,1,0,7,4,10,1009,697,0.69,116,5,320,2869250,59,918,1,2010,14291,200,2,4,6
강동구,강일동,0,1,1,0,1,7,13,1168,934,0.8,143,8,94,3089179,81,1193,0,3086,8100,169,3,1,4
강동구,상일1동,1,0,1,0,1,6,8,856,823,0.96,110,10,165,3674376,72,1594,3,4517,2651,244,2,3,5
강동구,상일2동,0,0,0,0,1,1,1,668,592,0.89,24,0,34,3674376,84,1206,0,1002,2651,55,0,1,1
종로구,교남동,3,0,1,1,2,1,2,323,245,0.76,9,3,86,4617088,59,1895,0,741,2650,49,0,0,0
종로구,종로1·2·3·4가동,289,11,0,13,0,4,18,741,355,0.48,203,19,227,3261845,75,958,5,170,1751,12,0,1,1
서초구,방배2동,1,0,0,0,1,6,5,694,498,0.72,38,0,353,3869928,104,1594,3,934,6287,99,0,0,0
강북구,미아동,7,1,1,1,3,5,7,347,241,0.69,34,0,123,2335731,71,695,1,565,6640,48,0,0,0
강북구,인수동,29,0,0,0,4,2,8,367,290,0.79,58,0,181,2371068,60,532,2,1142,8045,57,1,2,3
